frame,similarity_next,incremental_drift
1,-0.6426918101464042,35.78572954918115
2,0.7143438472563879,8.360614497278856
3,0.754883645648831,7.447238176574417
4,-0.4380280639394737,21.333013435145542
5,-0.25263120680009743,21.29613649584125
