frame,similarity_next,incremental_drift
1,-0.7241703047841754,34.74556062231409
2,0.8432653706689466,5.702841279599552
3,0.755984190721709,7.35462411914927
4,-0.4680846815779341,21.30085906995733
5,-0.30599330844536227,21.263926367056133
