benchmark,num_frames,mean_similarity,min_similarity,max_similarity,std_similarity,mean_drift,max_drift
isvlsi_sat_bms/rocket_2045,32,0.6585505904497411,-0.0967906147663796,0.999950531463287,0.3914887761242372,11.17369881804617,80.05237126226682
