benchmark,num_frames,mean_similarity,min_similarity,max_similarity,std_similarity,mean_drift,max_drift
isvlsi_undet_bms/bin-suffix-5,50,0.8015424685974969,-0.12205179037556502,0.9991712734213365,0.18780021277896583,5.603946081131112,130.46338361986727
