benchmark,num_frames,mean_similarity,min_similarity,max_similarity,std_similarity,mean_drift,max_drift
isvlsi_sat_bms/ILA_Piccolo_LHU_problem,50,0.8841021013319789,0.12083596111298775,0.9995498929841451,0.1848966096024673,4.801849586897897,52.69299988847484
