benchmark,num_frames,mean_similarity,min_similarity,max_similarity,std_similarity,mean_drift,max_drift
isvlsi_sat_bms/yosyshq_appnote_123_veer-p08,50,0.7470483379962076,-0.1395698800863687,0.9999747937429487,0.31510910698393724,8.086307428050116,47.735082475182054
