frame,similarity_next,incremental_drift
1,-0.15299966660782752,32.95742652330153
2,0.4151066738945355,12.180545282712083
3,0.5334830307708718,10.932408860040013
4,0.41054336613997,10.15141324127253
5,0.45609313363148035,9.870207048970771
6,-0.3853185395262526,22.67223672672328
7,-0.34438810845221324,24.942803568213726
8,-0.20682581236312558,37.10663620492568
