benchmark,num_frames,mean_similarity,min_similarity,max_similarity,std_similarity,mean_drift,max_drift
isvlsi_undet_bms/Problem02_label10,50,0.9234926383326917,-0.10739142080833135,0.9993029718274196,0.2377443407683632,4.280144782408591,116.28334232039477
