benchmark,num_frames,mean_similarity,min_similarity,max_similarity,std_similarity,mean_drift,max_drift
isvlsi_sat_bms/rocket_5541,33,0.5847685107804015,-0.1786207406126999,0.9997868694818086,0.3948369055705394,14.210737140972324,73.42789209193694
