benchmark,num_frames,mean_similarity,min_similarity,max_similarity,std_similarity,mean_drift,max_drift
isvlsi_sat_bms/yosyshq_appnote_123_cv32e40x-p104,50,0.8523815990491088,-0.154514002092805,0.9994802165237329,0.2453018583860208,6.15888531351934,62.310788791101196
