benchmark,num_frames,num_topological_features,mean_similarity,min_similarity,max_similarity,std_similarity,mean_drift,max_drift
isvlsi_sat_bms/rocket_1761,33,343,0.6392529933817009,-0.27074393412876285,0.9997872695356123,0.4026680636666597,11.66495270234402,65.26450363875706
