frame,similarity_next,incremental_drift
1,-0.3998667141903635,39.136712193690705
2,0.3481042034895078,18.538401869687213
3,0.8694083891188106,5.352481396915874
4,0.784462887670003,6.557850670772633
5,0.7295483820450277,8.711425436949568
6,0.3668512985331497,13.370062253148982
7,-0.006353224401343144,18.909220620174214
8,-0.33362980436628564,23.17589496245378
9,-0.3288219402692762,31.417632038574126
