benchmark,num_frames,mean_similarity,min_similarity,max_similarity,std_similarity,mean_drift,max_drift
isvlsi_undet_bms/stack-p2,50,0.9029656509903753,-0.06185329322709102,0.9986681842999057,0.16549546542289326,4.953194184886145,130.06492162597183
